"minGCV","optimalBandwidth","meanBeta.Intercept","meanBeta.MAX","meanBeta.FIN_SQ_FT","meanBeta.ACRES_POLY","meanBeta.YEAR_BUILT","sterBeta.Intercept","sterBeta.MAX","sterBeta.FIN_SQ_FT","sterBeta.ACRES_POLY","sterBeta.YEAR_BUILT"
0.0496883274183663,4000,8.45109304941911,-0.00474801963590808,0.0002822625571368,0.301751812122714,0.00186116743923647,1.60116583555692,0.000785103382148695,1.82462763649893e-05,0.04025145203791,0.000873915170722334
0.0495891967961542,4000,8.36289718675109,-0.00461393125221868,0.000281859689230514,0.300835218751424,0.00190248734623343,1.52000895040904,0.000783122353285364,1.79626344072065e-05,0.0552988087041879,0.000834998186467227
0.0496848962170512,4000,8.38370467550212,-0.00470104286737767,0.000281086373382799,0.307193400904703,0.00189173499158977,1.53974419081895,0.000846991219683738,1.78774992329108e-05,0.0495132762135995,0.000847317200867706
0.0497050901632087,4000,8.35825883978244,-0.00477653684780671,0.000281943194787012,0.304650031761257,0.00190982667881344,1.57940631647098,0.000825980529278377,1.95794691056931e-05,0.0465056126964093,0.000863544300254234
0.0496704767367631,4000,8.40489597921737,-0.00469521211877983,0.000282373305073258,0.305267794752779,0.00188461111924298,1.52935540457967,0.000870275349394107,1.87086660928984e-05,0.0517405825223245,0.000836853246144585
