"minGCV","optimalBandwidth","meanBeta.Intercept","meanBeta.MAX","meanBeta.FIN_SQ_FT","meanBeta.ACRES_POLY","meanBeta.YEAR_BUILT","sterBeta.Intercept","sterBeta.MAX","sterBeta.FIN_SQ_FT","sterBeta.ACRES_POLY","sterBeta.YEAR_BUILT"
0.0496698927966862,4000,8.3333053309602,-0.00472484027460867,0.000281163607351444,0.297677512323204,0.00192183818253279,1.60794037958583,0.000915564490307888,1.87530797669998e-05,0.0418107379875406,0.000875488605494501
0.049718867885925,4000,8.33220921663254,-0.00470448255081056,0.000281890639802665,0.30992952018737,0.00191848879319482,1.50219293243092,0.000797480189650585,1.77364965607732e-05,0.0427195222523306,0.000826179731204034
0.0496548007785205,4000,8.34979154289721,-0.00474463014265683,0.000282421924924443,0.299036746051736,0.00191492824188323,1.59345622890052,0.000803300214021464,1.99286054055137e-05,0.0477072279706812,0.000868482213601957
0.049674619699728,4000,8.33906931879699,-0.00472083367292819,0.000280571774564345,0.292365730253518,0.0019218551291641,1.61321625917854,0.000819795429041845,1.82329473099226e-05,0.0431433656944279,0.000875989032833574
0.0496539105113307,4000,8.44709476528761,-0.00468739056137794,0.000282560110644751,0.301766535152299,0.00186326807868974,1.61512800561827,0.000815247737870384,1.85305198924669e-05,0.050668676230874,0.000880247221400596
