"minGCV","optimalBandwidth","meanBeta.Intercept","meanBeta.MAX","meanBeta.FIN_SQ_FT","meanBeta.ACRES_POLY","meanBeta.YEAR_BUILT","sterBeta.Intercept","sterBeta.MAX","sterBeta.FIN_SQ_FT","sterBeta.ACRES_POLY","sterBeta.YEAR_BUILT"
0.0497108046159072,4000,8.33171997163618,-0.00469640585499166,0.000282118250039299,0.295702737832322,0.00192321291203969,1.57560259196315,0.000847426349054389,1.85420571317522e-05,0.0418713059265201,0.000863830765234822
0.0496970914366001,4000,8.41103190817199,-0.00472642747274841,0.00028225894941198,0.299806832074047,0.00188327974332331,1.6473934963055,0.00080864214211631,1.92614412901249e-05,0.0461771379978329,0.000898306838213137
0.0497458416850138,4000,8.30384534335835,-0.00468686893839252,0.000280823226946569,0.303340647439452,0.00193424018833582,1.55719750888857,0.000873034401624123,1.8898321299372e-05,0.0430462888028921,0.000851161934400725
0.0496377525060235,4000,8.27728301881019,-0.00464557077996472,0.000281167039018113,0.295157415952379,0.00194711047414027,1.62391271905355,0.000939547289084782,2.07362427526592e-05,0.0468419738494923,0.000885279836291924
0.0497254359343042,4000,8.2948472424522,-0.00476498005000229,0.000282338977952581,0.299889029522471,0.00194344286532266,1.51485675413113,0.000847287897043769,1.8373970773114e-05,0.0455566218936764,0.000829784725974957
