"minGCV","optimalBandwidth","meanBeta.Intercept","meanBeta.MAX","meanBeta.FIN_SQ_FT","meanBeta.ACRES_POLY","meanBeta.YEAR_BUILT","sterBeta.Intercept","sterBeta.MAX","sterBeta.FIN_SQ_FT","sterBeta.ACRES_POLY","sterBeta.YEAR_BUILT"
0.0495899520430999,4000,8.29027897242648,-0.00467492273330818,0.000280204516831046,0.298987549561218,0.00194391809625957,1.55838855755429,0.00086790818078997,1.96413559643969e-05,0.045628265766863,0.00084966263628955
0.0496365228596379,4000,8.29480057862169,-0.00468433520482554,0.000281898141904653,0.304414473629861,0.00193833625898294,1.59063204004277,0.000826340608264346,1.92575597791767e-05,0.0462052172363478,0.000873855613793103
0.0496272735642355,4000,8.30110409850149,-0.00475343917919127,0.00028191258696415,0.29822901897462,0.00193934678085529,1.60991931182167,0.000864313709032714,1.92771743325424e-05,0.048521345259565,0.000880685310838578
0.0496780842909829,4000,8.35352155487402,-0.00469068843412202,0.000282210530312071,0.299802239160199,0.00191179133038715,1.58389529023335,0.000881410085366799,1.95792782355155e-05,0.0473104283219201,0.000864848262696111
0.049698208019567,4000,8.39129342938236,-0.00474755281509959,0.000281151126163927,0.305318926616466,0.00189331491763035,1.53567511831065,0.000814526904180396,1.89442753785907e-05,0.0496104170347474,0.000840183794837857
